,statecode,tech,bc_hundred,bc_oneG,bc_twentyfive,blockcode,hundred_fifty,oneG,providername,twentyfive_three,type
0,42,Cable,0,0,41602,276763,0.0,0,27,41810.0,business
1,42,Fiber,55143,0,56723,167488,60638.0,0,59,62954.0,business
2,42,Fixed Wireless,17,0,11227,51934,17.0,0,23,11449.0,business
3,42,Other,79,0,955,5916,84.0,0,26,1037.0,business
4,42,Satellite,0,0,0,421086,0.0,0,4,0.0,business
5,42,aDSL,0,0,3580,245679,0.0,0,45,3582.0,business
6,42,Cable,0,0,268601,273019,0.0,0,24,359527.0,consumer
7,42,Fiber,133083,0,134740,135938,136922.0,0,28,139405.0,consumer
8,42,Fixed Wireless,1,0,4884,59011,1.0,0,22,5094.0,consumer
9,42,Other,0,0,87,106,0.0,0,4,87.0,consumer
10,42,Satellite,0,0,0,421545,0.0,0,3,0.0,consumer
11,42,aDSL,0,0,14755,258065,0.0,0,33,14770.0,consumer
12,42,2G,0,0,0,412504,0.0,0,7,0.0,mobile
13,42,3G,0,0,0,414380,0.0,0,5,0.0,mobile
14,42,4G_LTE,0,0,414284,414285,0.0,0,6,1475348.0,mobile
15,42,4G_NON_LTE,0,0,411815,411816,0.0,0,4,664969.0,mobile
0,19,Cable,0,0,3189,64064,0.0,0,57,4458.0,business
1,19,Fiber,17573,0,26798,54352,18366.0,0,156,28901.0,business
2,19,Fixed Wireless,68216,0,104287,128328,68216.0,0,74,117346.0,business
3,19,Other,76,0,841,1891,76.0,0,16,863.0,business
4,19,Satellite,0,0,0,215811,0.0,0,4,0.0,business
5,19,aDSL,0,0,7502,95306,0.0,0,125,11333.0,business
6,19,Cable,0,0,60919,65242,0.0,0,52,65635.0,consumer
7,19,Fiber,10609,0,37461,45559,10715.0,0,142,39024.0,consumer
8,19,Fixed Wireless,14412,0,94705,141007,14412.0,0,79,104913.0,consumer
9,19,Other,0,0,66,70,0.0,0,4,66.0,consumer
10,19,Satellite,0,0,0,216007,0.0,0,3,0.0,consumer
11,19,aDSL,0,0,20881,113627,0.0,0,122,20954.0,consumer
12,19,2G,0,0,0,215938,0.0,0,13,0.0,mobile
13,19,3G,0,0,0,215939,0.0,0,9,0.0,mobile
14,19,4G_LTE,0,0,215905,215906,0.0,0,10,694934.0,mobile
15,19,4G_NON_LTE,0,0,191569,191570,0.0,0,4,261969.0,mobile
0,40,Cable,0,0,12758,52668,0.0,0,13,12760.0,business
1,40,Fiber,8356,0,12408,15518,8704.0,0,48,13158.0,business
2,40,Fixed Wireless,47754,0,64893,155062,47754.0,0,36,69637.0,business
3,40,Other,3,0,264,979,3.0,0,13,270.0,business
4,40,Satellite,0,0,0,268180,0.0,0,4,0.0,business
5,40,aDSL,0,0,3373,56998,0.0,0,49,3488.0,business
6,40,Cable,0,0,64279,71152,0.0,0,11,64806.0,consumer
7,40,Fiber,3521,0,8999,11795,3559.0,0,35,9411.0,consumer
8,40,Fixed Wireless,818,0,43495,163869,818.0,0,41,43983.0,consumer
9,40,Other,0,0,0,4,0.0,0,3,0.0,consumer
10,40,Satellite,0,0,0,269118,0.0,0,3,0.0,consumer
11,40,aDSL,0,0,15534,134743,0.0,0,45,15708.0,consumer
12,40,2G,0,0,0,267436,0.0,0,15,0.0,mobile
13,40,3G,0,0,0,268228,0.0,0,15,0.0,mobile
14,40,4G_LTE,0,0,267804,267805,0.0,0,13,1177269.0,mobile
15,40,4G_NON_LTE,0,0,259834,259835,0.0,0,3,327356.0,mobile
0,48,Cable,4,0,4396,422279,4.0,0,37,4396.0,business
1,48,Fiber,48233,0,57048,101159,50670.0,0,121,61724.0,business
2,48,Fixed Wireless,346568,0,363730,589587,467948.0,0,120,507192.0,business
3,48,Other,172,0,5280,18063,182.0,0,47,5576.0,business
4,48,Satellite,0,0,0,910667,0.0,0,5,0.0,business
5,48,aDSL,18,0,5228,172287,18.0,0,86,5280.0,business
6,48,Cable,1,0,398193,420125,1.0,0,32,421226.0,consumer
7,48,Fiber,23773,0,60054,81847,27150.0,0,74,64438.0,consumer
8,48,Fixed Wireless,325,0,352720,597911,325.0,0,126,556629.0,consumer
9,48,Other,0,0,67,516,0.0,0,13,67.0,consumer
10,48,Satellite,0,0,0,914231,0.0,0,4,0.0,consumer
11,48,aDSL,86,0,85430,441113,86.0,0,75,87215.0,consumer
12,48,2G,0,0,0,909037,0.0,0,15,0.0,mobile
13,48,3G,0,0,0,910011,0.0,0,14,0.0,mobile
14,48,4G_LTE,0,0,903543,903544,0.0,0,11,3347335.0,mobile
15,48,4G_NON_LTE,0,0,907008,907009,0.0,0,4,1556821.0,mobile
0,36,Cable,0,0,3265,279315,0.0,0,18,3294.0,business
1,36,Fiber,48350,0,51442,127347,53521.0,0,60,58329.0,business
2,36,Fixed Wireless,1333,0,7048,50668,1360.0,0,22,7186.0,business
3,36,Other,132,0,1384,7886,140.0,0,27,1559.0,business
4,36,Satellite,0,0,0,349710,0.0,0,4,0.0,business
5,36,aDSL,0,0,2354,192839,0.0,0,48,2381.0,business
6,36,Cable,0,0,279220,279277,0.0,0,15,284991.0,consumer
7,36,Fiber,93940,0,99883,100480,93964.0,0,35,100403.0,consumer
8,36,Fixed Wireless,9933,0,17175,63805,9933.0,0,19,17195.0,consumer
9,36,Other,0,0,111,131,0.0,0,3,111.0,consumer
10,36,Satellite,0,0,0,350169,0.0,0,3,0.0,consumer
11,36,aDSL,0,0,3163,198772,0.0,0,40,3246.0,consumer
12,36,2G,0,0,0,344811,0.0,0,6,0.0,mobile
13,36,3G,0,0,0,346233,0.0,0,4,0.0,mobile
14,36,4G_LTE,0,0,341850,341851,0.0,0,5,1183473.0,mobile
15,36,4G_NON_LTE,0,0,343132,343133,0.0,0,3,546739.0,mobile
0,13,Cable,1232,0,6636,137235,1232.0,0,38,6687.0,business
1,13,Fiber,24835,0,33825,45810,26332.0,0,81,36074.0,business
2,13,Fixed Wireless,1,0,14647,17586,1.0,0,19,14647.0,business
3,13,Other,68,0,16343,30373,76.0,0,31,16655.0,business
4,13,Satellite,0,0,0,291086,0.0,0,4,0.0,business
5,13,aDSL,0,0,7549,31323,0.0,0,43,7575.0,business
6,13,Cable,0,0,131910,136666,0.0,0,33,143456.0,consumer
7,13,Fiber,15158,0,31816,38373,15186.0,0,43,32072.0,consumer
8,13,Fixed Wireless,0,0,378,3048,0.0,0,16,378.0,consumer
9,13,Other,0,0,2,15,0.0,0,7,2.0,consumer
10,13,Satellite,0,0,0,291086,0.0,0,3,0.0,consumer
11,13,aDSL,0,0,43636,148084,0.0,0,35,43862.0,consumer
12,13,2G,0,0,0,289031,0.0,0,4,0.0,mobile
13,13,3G,0,0,0,290735,0.0,0,4,0.0,mobile
14,13,4G_LTE,0,0,289765,289766,0.0,0,4,1021901.0,mobile
15,13,4G_NON_LTE,0,0,289950,289951,0.0,0,2,443315.0,mobile
0,31,Cable,0,0,4222,44106,0.0,0,22,4223.0,business
1,31,Fiber,25415,0,26953,48076,34269.0,0,56,36174.0,business
2,31,Fixed Wireless,67879,0,83160,163514,67879.0,0,35,83490.0,business
3,31,Other,2,0,66,3923,2.0,0,11,67.0,business
4,31,Satellite,0,0,0,187873,0.0,0,4,0.0,business
5,31,aDSL,11,0,2956,83797,11.0,0,40,2956.0,business
6,31,Cable,0,0,46937,52117,0.0,0,19,46952.0,consumer
7,31,Fiber,9088,0,28484,31704,9591.0,0,42,29240.0,consumer
8,31,Fixed Wireless,13838,0,64281,166126,13838.0,0,40,64297.0,consumer
9,31,Other,0,0,0,4,0.0,0,1,0.0,consumer
10,31,Satellite,0,0,0,193352,0.0,0,3,0.0,consumer
11,31,aDSL,51,0,14116,95586,51.0,0,40,14116.0,consumer
12,31,2G,0,0,0,189518,0.0,0,11,0.0,mobile
13,31,3G,0,0,0,192164,0.0,0,10,0.0,mobile
14,31,4G_LTE,0,0,191071,191072,0.0,0,9,593985.0,mobile
15,31,4G_NON_LTE,0,0,116125,116126,0.0,0,3,135245.0,mobile
0,5,Cable,0,0,8585,43872,0.0,0,16,8586.0,business
1,5,Fiber,7186,0,9091,28045,7312.0,0,36,9273.0,business
2,5,Fixed Wireless,41,0,63,40113,41.0,0,16,63.0,business
3,5,Other,2,0,232,20113,2.0,0,15,232.0,business
4,5,Satellite,0,0,0,186211,0.0,0,4,0.0,business
5,5,aDSL,1121,0,2859,54196,1121.0,0,32,3291.0,business
6,5,Cable,0,0,40609,51219,0.0,0,16,40830.0,consumer
7,5,Fiber,4597,0,24803,25778,4603.0,0,23,25353.0,consumer
8,5,Fixed Wireless,40,0,23994,40452,40.0,0,19,23995.0,consumer
9,5,Other,0,0,19562,19572,0.0,0,4,19562.0,consumer
10,5,Satellite,0,0,0,186211,0.0,0,3,0.0,consumer
11,5,aDSL,79,0,35684,95773,79.0,0,31,38418.0,consumer
12,5,2G,0,0,0,182194,0.0,0,6,0.0,mobile
13,5,3G,0,0,0,184835,0.0,0,6,0.0,mobile
14,5,4G_LTE,0,0,182975,182976,0.0,0,6,601801.0,mobile
15,5,4G_NON_LTE,0,0,184027,184028,0.0,0,2,235812.0,mobile
0,34,Cable,0,0,6398,139520,0.0,0,10,6407.0,business
1,34,Fiber,24427,0,123078,128211,29059.0,0,30,149212.0,business
2,34,Fixed Wireless,51,0,344,1079,51.0,0,6,350.0,business
3,34,Other,63,0,442,126675,73.0,0,27,491.0,business
4,34,Satellite,0,0,0,169505,0.0,0,4,0.0,business
5,34,aDSL,1,0,10,99542,1.0,0,23,10.0,business
6,34,Cable,0,0,137220,137222,0.0,0,7,146096.0,consumer
7,34,Fiber,74381,0,74446,74448,74385.0,0,5,74453.0,consumer
8,34,Fixed Wireless,0,0,898,901,0.0,0,4,898.0,consumer
9,34,Other,0,0,6,10,0.0,0,6,6.0,consumer
10,34,Satellite,0,0,0,169588,0.0,0,3,0.0,consumer
11,34,aDSL,0,0,1005,99616,0.0,0,10,1005.0,consumer
12,34,2G,0,0,0,169564,0.0,0,4,0.0,mobile
13,34,3G,0,0,0,169560,0.0,0,4,0.0,mobile
14,34,4G_LTE,0,0,169576,169577,0.0,0,4,671008.0,mobile
15,34,4G_NON_LTE,0,0,168254,168255,0.0,0,2,326808.0,mobile
0,35,Cable,1041,0,1317,29921,1041.0,0,11,1317.0,business
1,35,Fiber,613,0,3850,6524,634.0,0,25,3924.0,business
2,35,Fixed Wireless,37712,0,41997,82174,37712.0,0,29,41999.0,business
3,35,Other,2,0,422,720,2.0,0,18,422.0,business
4,35,Satellite,0,0,0,165895,0.0,0,3,0.0,business
5,35,aDSL,0,0,829,53908,0.0,0,28,829.0,business
6,35,Cable,0,0,31776,33057,0.0,0,8,31800.0,consumer
7,35,Fiber,1870,0,5641,6715,1870.0,0,17,5659.0,consumer
8,35,Fixed Wireless,1,0,17810,83876,1.0,0,28,17811.0,consumer
9,35,Other,0,0,2,27,0.0,0,4,2.0,consumer
10,35,Satellite,0,0,0,165895,0.0,0,3,0.0,consumer
11,35,aDSL,0,0,16281,57690,0.0,0,22,16283.0,consumer
12,35,2G,0,0,0,159396,0.0,0,9,0.0,mobile
13,35,3G,0,0,0,159180,0.0,0,9,0.0,mobile
14,35,4G_LTE,0,0,155624,155625,0.0,0,6,448510.0,mobile
15,35,4G_NON_LTE,0,0,150753,150754,0.0,0,4,251371.0,mobile
0,6,Cable,0,0,9409,383844,0.0,0,28,9416.0,business
1,6,Fiber,39693,0,44120,87846,42718.0,0,58,49764.0,business
2,6,Fixed Wireless,90701,0,241404,357371,90707.0,0,74,244876.0,business
3,6,Other,947,0,14803,50743,1001.0,0,39,16269.0,business
4,6,Satellite,0,0,0,704635,0.0,0,4,0.0,business
5,6,aDSL,1,0,20380,160942,2.0,0,43,40390.0,business
6,6,Cable,0,0,391301,395324,0.0,0,25,399375.0,consumer
7,6,Fiber,11934,0,65295,67655,12056.0,0,22,67877.0,consumer
8,6,Fixed Wireless,2,0,51925,257324,2.0,0,77,58134.0,consumer
9,6,Other,271,0,465,20209,275.0,0,10,469.0,consumer
10,6,Satellite,0,0,0,710145,0.0,0,3,0.0,consumer
11,6,aDSL,0,0,191305,400172,0.0,0,24,229112.0,consumer
12,6,2G,0,0,0,682905,0.0,0,7,0.0,mobile
13,6,3G,0,0,0,686767,0.0,0,7,0.0,mobile
14,6,4G_LTE,0,0,679001,679002,0.0,0,6,2513683.0,mobile
15,6,4G_NON_LTE,0,0,665608,665609,0.0,0,2,1234139.0,mobile
0,18,Cable,0,0,800,139375,0.0,0,15,800.0,business
1,18,Fiber,15627,0,31912,38147,16256.0,0,67,43427.0,business
2,18,Fixed Wireless,44874,0,50733,156360,45533.0,0,51,51457.0,business
3,18,Other,18390,0,18748,38789,18395.0,0,25,18886.0,business
4,18,Satellite,0,0,0,267071,0.0,0,4,0.0,business
5,18,aDSL,0,0,410,92098,0.0,0,44,410.0,business
6,18,Cable,0,0,135034,135605,0.0,0,11,141920.0,consumer
7,18,Fiber,7691,0,29351,33014,7795.0,0,46,40607.0,consumer
8,18,Fixed Wireless,3,0,9678,169674,3.0,0,56,9678.0,consumer
9,18,Other,0,0,0,2,0.0,0,1,0.0,consumer
10,18,Satellite,0,0,0,267071,0.0,0,3,0.0,consumer
11,18,aDSL,1,0,40052,171656,1.0,0,33,42750.0,consumer
12,18,2G,0,0,0,266885,0.0,0,8,0.0,mobile
13,18,3G,0,0,0,267052,0.0,0,8,0.0,mobile
14,18,4G_LTE,0,0,266549,266550,0.0,0,5,1015049.0,mobile
15,18,4G_NON_LTE,0,0,266860,266861,0.0,0,2,418586.0,mobile
0,27,Cable,3355,0,10585,96831,3355.0,0,23,10654.0,business
1,27,Fiber,8903,0,22577,45461,9146.0,0,90,23702.0,business
2,27,Fixed Wireless,21146,0,119318,157501,21146.0,0,37,149616.0,business
3,27,Other,276,0,1083,7883,518.0,0,32,1352.0,business
4,27,Satellite,0,0,0,254888,0.0,0,4,0.0,business
5,27,aDSL,1,0,19454,152037,1.0,0,92,19919.0,business
6,27,Cable,1437,0,89229,94594,1437.0,0,20,93034.0,consumer
7,27,Fiber,23369,0,44860,46314,23664.0,0,75,46477.0,consumer
8,27,Fixed Wireless,2163,0,88262,157633,2163.0,0,44,115654.0,consumer
9,27,Other,242,0,360,384,484.0,0,8,603.0,consumer
10,27,Satellite,0,0,0,259777,0.0,0,3,0.0,consumer
11,27,aDSL,0,0,30943,147668,0.0,0,83,31240.0,consumer
12,27,2G,0,0,0,255321,0.0,0,7,0.0,mobile
13,27,3G,0,0,0,257706,0.0,0,6,0.0,mobile
14,27,4G_LTE,0,0,253359,253360,0.0,0,5,887118.0,mobile
15,27,4G_NON_LTE,0,0,256825,256826,0.0,0,3,353612.0,mobile
0,29,Cable,60,0,4562,137275,60.0,0,22,4563.0,business
1,29,Fiber,33940,0,35543,44438,37598.0,0,59,39653.0,business
2,29,Fixed Wireless,23602,0,92091,183996,26545.0,0,58,106823.0,business
3,29,Other,536,0,4722,5710,538.0,0,25,4777.0,business
4,29,Satellite,0,0,0,343550,0.0,0,4,0.0,business
5,29,aDSL,0,0,2923,82784,0.0,0,53,3704.0,business
6,29,Cable,0,0,130498,137133,0.0,0,18,131920.0,consumer
7,29,Fiber,34853,0,39263,41962,35504.0,0,40,40076.0,consumer
8,29,Fixed Wireless,2196,0,35448,204991,2197.0,0,67,35490.0,consumer
9,29,Other,0,0,0,103,0.0,0,3,0.0,consumer
10,29,Satellite,0,0,0,343565,0.0,0,3,0.0,consumer
11,29,aDSL,0,0,35387,165583,0.0,0,48,36183.0,consumer
12,29,2G,0,0,0,341257,0.0,0,8,0.0,mobile
13,29,3G,0,0,0,342719,0.0,0,9,0.0,mobile
14,29,4G_LTE,0,0,337774,337775,0.0,0,8,1321368.0,mobile
15,29,4G_NON_LTE,0,0,336480,336481,0.0,0,3,479001.0,mobile
0,39,Cable,0,0,8453,254262,0.0,0,29,8460.0,business
1,39,Fiber,33110,0,37590,53402,35336.0,0,69,41479.0,business
2,39,Fixed Wireless,4,0,51478,160106,4.0,0,47,51510.0,business
3,39,Other,557,0,1744,5270,561.0,0,35,1791.0,business
4,39,Satellite,0,0,0,363479,0.0,0,4,0.0,business
5,39,aDSL,0,0,2452,126594,0.0,0,46,2568.0,business
6,39,Cable,396,0,255403,261882,396.0,0,31,275376.0,consumer
7,39,Fiber,10196,0,17174,20688,10206.0,0,41,17579.0,consumer
8,39,Fixed Wireless,996,0,1116,136147,996.0,0,47,1116.0,consumer
9,39,Other,0,0,0,95,0.0,0,2,0.0,consumer
10,39,Satellite,0,0,0,365344,0.0,0,3,0.0,consumer
11,39,aDSL,0,0,51509,233329,0.0,0,41,51713.0,consumer
12,39,2G,0,0,0,361011,0.0,0,4,0.0,mobile
13,39,3G,0,0,0,363988,0.0,0,4,0.0,mobile
14,39,4G_LTE,0,0,363087,363088,0.0,0,5,1362185.0,mobile
15,39,4G_NON_LTE,0,0,363096,363097,0.0,0,2,596142.0,mobile
0,17,Cable,0,0,3386,249766,0.0,0,21,3386.0,business
1,17,Fiber,13964,0,16116,31961,15324.0,0,97,18244.0,business
2,17,Fixed Wireless,192882,0,199291,273328,197955.0,0,71,206707.0,business
3,17,Other,8477,0,9777,15210,8500.0,0,40,9968.0,business
4,17,Satellite,0,0,0,451554,0.0,0,4,0.0,business
5,17,aDSL,0,0,8079,137966,0.0,0,64,8080.0,business
6,17,Cable,0,0,240061,241919,0.0,0,19,265971.0,consumer
7,17,Fiber,8829,0,16118,21191,8856.0,0,65,16365.0,consumer
8,17,Fixed Wireless,8202,0,117355,309786,8202.0,0,73,144374.0,consumer
9,17,Other,46,0,94,122,46.0,0,8,97.0,consumer
10,17,Satellite,0,0,0,451554,0.0,0,3,0.0,consumer
11,17,aDSL,0,0,92992,299476,0.0,0,59,92992.0,consumer
12,17,2G,0,0,0,451187,0.0,0,8,0.0,mobile
13,17,3G,0,0,0,451539,0.0,0,7,0.0,mobile
14,17,4G_LTE,0,0,451163,451164,0.0,0,9,1749936.0,mobile
15,17,4G_NON_LTE,0,0,448317,448318,0.0,0,4,719812.0,mobile
0,11,Cable,0,0,16,5075,0.0,0,5,16.0,business
1,11,Fiber,559,0,651,3323,800.0,0,23,1095.0,business
2,11,Fixed Wireless,4,0,4834,4836,4.0,0,5,4841.0,business
3,11,Other,32,0,252,679,36.0,0,13,369.0,business
4,11,Satellite,0,0,0,6332,0.0,0,3,0.0,business
5,11,aDSL,0,0,20,4613,0.0,0,12,21.0,business
6,11,Cable,0,0,4936,4936,0.0,0,2,8015.0,consumer
7,11,Fiber,2784,0,2860,2861,2784.0,0,2,2931.0,consumer
8,11,Fixed Wireless,0,0,0,306,0.0,0,1,0.0,consumer
9,11,Other,0,0,0,1,0.0,0,1,1.0,consumer
10,11,Satellite,0,0,0,6332,0.0,0,2,0.0,consumer
11,11,aDSL,0,0,0,4600,0.0,0,2,0.0,consumer
12,11,2G,0,0,0,6507,0.0,0,4,0.0,mobile
13,11,3G,0,0,0,6507,0.0,0,4,0.0,mobile
14,11,4G_LTE,0,0,6506,6507,0.0,0,4,26028.0,mobile
15,11,4G_NON_LTE,0,0,6506,6507,0.0,0,2,13014.0,mobile
0,26,Cable,0,0,179,183722,0.0,0,20,179.0,business
1,26,Fiber,35764,0,39837,48176,37497.0,0,57,42667.0,business
2,26,Fixed Wireless,13,0,625,91018,13.0,0,37,625.0,business
3,26,Other,13831,0,21945,30011,13861.0,0,31,24856.0,business
4,26,Satellite,0,0,0,329497,0.0,0,4,0.0,business
5,26,aDSL,0,0,18024,93211,0.0,0,42,18026.0,business
6,26,Cable,0,0,182598,184207,0.0,0,18,205250.0,consumer
7,26,Fiber,17548,0,23953,24509,18285.0,0,36,25363.0,consumer
8,26,Fixed Wireless,13,0,1444,112890,13.0,0,38,1444.0,consumer
9,26,Other,0,0,9493,9494,0.0,0,6,9619.0,consumer
10,26,Satellite,0,0,0,329885,0.0,0,3,0.0,consumer
11,26,aDSL,0,0,63750,199943,0.0,0,33,67464.0,consumer
12,26,2G,0,0,0,324797,0.0,0,6,0.0,mobile
13,26,3G,0,0,0,327104,0.0,0,6,0.0,mobile
14,26,4G_LTE,0,0,322864,322865,0.0,0,7,1160281.0,mobile
15,26,4G_NON_LTE,0,0,324049,324050,0.0,0,2,516650.0,mobile
16,26,Undefined,0,0,0,9450,0.0,0,1,0.0,mobile
0,22,Cable,0,0,13017,73007,0.0,0,18,13129.0,business
1,22,Fiber,7658,0,9930,35933,8197.0,0,37,11147.0,business
2,22,Fixed Wireless,7901,0,8732,43778,7901.0,0,14,8733.0,business
3,22,Other,5,0,854,26809,5.0,0,16,861.0,business
4,22,Satellite,0,0,0,204445,0.0,0,4,0.0,business
5,22,aDSL,0,0,3,22054,0.0,0,23,3.0,business
6,22,Cable,0,0,87139,92847,0.0,0,14,90338.0,consumer
7,22,Fiber,4878,0,8642,34190,4891.0,0,21,9235.0,consumer
8,22,Fixed Wireless,0,0,8719,50968,0.0,0,17,8720.0,consumer
9,22,Other,5,0,42,25722,5.0,0,6,42.0,consumer
10,22,Satellite,0,0,0,204447,0.0,0,3,0.0,consumer
11,22,aDSL,0,0,21014,91549,0.0,0,17,21014.0,consumer
12,22,2G,0,0,0,203955,0.0,0,7,0.0,mobile
13,22,3G,0,0,0,203557,0.0,0,6,0.0,mobile
14,22,4G_LTE,0,0,203622,203623,0.0,0,5,751670.0,mobile
15,22,4G_NON_LTE,0,0,202934,202935,0.0,0,3,347396.0,mobile
0,21,Cable,0,0,4038,80778,0.0,0,29,4038.0,business
1,21,Fiber,10959,0,16509,29895,13863.0,0,53,19658.0,business
2,21,Fixed Wireless,7165,0,8325,48303,7165.0,0,17,8325.0,business
3,21,Other,5,0,455,7174,5.0,0,17,458.0,business
4,21,Satellite,0,0,0,161672,0.0,0,4,0.0,business
5,21,aDSL,11,0,4293,27870,11.0,0,29,4293.0,business
6,21,Cable,0,0,72531,80823,0.0,0,27,72955.0,consumer
7,21,Fiber,16290,0,21621,23384,19076.0,0,31,24444.0,consumer
8,21,Fixed Wireless,1,0,301,44240,1.0,0,22,301.0,consumer
9,21,Other,0,0,2,5354,0.0,0,6,2.0,consumer
10,21,Satellite,0,0,0,161672,0.0,0,3,0.0,consumer
11,21,aDSL,33,0,16479,77073,33.0,0,22,16571.0,consumer
12,21,2G,0,0,0,158227,0.0,0,8,0.0,mobile
13,21,3G,0,0,0,159983,0.0,0,8,0.0,mobile
14,21,4G_LTE,0,0,156366,156367,0.0,0,7,519103.0,mobile
15,21,4G_NON_LTE,0,0,156934,156935,0.0,0,2,210802.0,mobile
0,30,Cable,0,0,1,26496,0.0,0,9,1.0,business
1,30,Fiber,4113,0,4284,19959,4125.0,0,29,4336.0,business
2,30,Fixed Wireless,7,0,21759,48905,7.0,0,24,23601.0,business
3,30,Other,5,0,36,946,5.0,0,16,36.0,business
4,30,Satellite,0,0,0,125989,0.0,0,3,0.0,business
5,30,aDSL,0,0,16,73081,0.0,0,24,16.0,business
6,30,Cable,0,0,22995,26558,0.0,0,7,22995.0,consumer
7,30,Fiber,8727,0,13848,19526,8799.0,0,19,13939.0,consumer
8,30,Fixed Wireless,4,0,30908,51051,4.0,0,25,31067.0,consumer
9,30,Other,0,0,5,297,0.0,0,4,5.0,consumer
10,30,Satellite,0,0,0,125989,0.0,0,3,0.0,consumer
11,30,aDSL,27,0,6992,73367,36.0,0,22,7042.0,consumer
12,30,2G,0,0,0,104705,0.0,0,9,0.0,mobile
13,30,3G,0,0,0,119346,0.0,0,6,0.0,mobile
14,30,4G_LTE,0,0,105806,105807,0.0,0,7,188489.0,mobile
15,30,4G_NON_LTE,0,0,107350,107351,0.0,0,2,107352.0,mobile
0,4,Cable,0,0,33191,58256,0.0,0,14,33197.0,business
1,4,Fiber,3831,0,5152,6869,4485.0,0,29,5983.0,business
2,4,Fixed Wireless,54588,0,67557,149164,54588.0,0,32,77002.0,business
3,4,Other,49,0,1185,3541,53.0,0,25,1255.0,business
4,4,Satellite,0,0,0,239567,0.0,0,4,0.0,business
5,4,aDSL,1,0,401,109403,1.0,0,25,401.0,business
6,4,Cable,0,0,77529,78943,0.0,0,11,78118.0,consumer
7,4,Fiber,6284,0,8215,8509,6480.0,0,12,8442.0,consumer
8,4,Fixed Wireless,5,0,206,149327,5.0,0,30,206.0,consumer
9,4,Other,0,0,1,4,0.0,0,3,1.0,consumer
10,4,Satellite,0,0,0,241666,0.0,0,3,0.0,consumer
11,4,aDSL,0,0,42921,110007,0.0,0,18,42923.0,consumer
12,4,2G,0,0,0,235207,0.0,0,7,0.0,mobile
13,4,3G,0,0,0,232188,0.0,0,6,0.0,mobile
14,4,4G_LTE,0,0,209887,209888,0.0,0,5,670254.0,mobile
15,4,4G_NON_LTE,0,0,205799,205800,0.0,0,3,334529.0,mobile
0,37,Cable,0,0,10702,218963,0.0,0,26,10702.0,business
1,37,Fiber,12821,0,15697,30682,13426.0,0,58,17178.0,business
2,37,Fixed Wireless,1,0,3338,18238,1.0,0,18,3338.0,business
3,37,Other,19,0,1454,8600,19.0,0,26,1465.0,business
4,37,Satellite,0,0,0,288983,0.0,0,4,0.0,business
5,37,aDSL,184,0,2563,112828,184.0,0,42,2563.0,business
6,37,Cable,0,0,217091,219051,0.0,0,24,221590.0,consumer
7,37,Fiber,17843,0,32331,35873,18141.0,0,36,33126.0,consumer
8,37,Fixed Wireless,0,0,0,37231,0.0,0,19,0.0,consumer
9,37,Other,0,0,3,9,0.0,0,5,3.0,consumer
10,37,Satellite,0,0,0,288987,0.0,0,3,0.0,consumer
11,37,aDSL,995,0,39911,181689,995.0,0,36,40107.0,consumer
12,37,2G,0,0,0,284322,0.0,0,6,0.0,mobile
13,37,3G,0,0,0,285131,0.0,0,6,0.0,mobile
14,37,4G_LTE,0,0,283897,283898,0.0,0,6,1159055.0,mobile
15,37,4G_NON_LTE,0,0,273189,273190,0.0,0,2,402377.0,mobile
0,32,Cable,1,0,3190,16852,1.0,0,10,3193.0,business
1,32,Fiber,1502,0,1712,5001,1838.0,0,26,2148.0,business
2,32,Fixed Wireless,26116,0,30415,38389,26294.0,0,18,34469.0,business
3,32,Other,49,0,508,1426,52.0,0,21,548.0,business
4,32,Satellite,0,0,0,83632,0.0,0,3,0.0,business
5,32,aDSL,0,0,341,23292,0.0,0,19,342.0,business
6,32,Cable,0,0,29504,29740,0.0,0,7,29505.0,consumer
7,32,Fiber,5285,0,6507,6705,5784.0,0,12,7027.0,consumer
8,32,Fixed Wireless,1373,0,24275,37968,1373.0,0,14,27745.0,consumer
9,32,Other,0,0,1,2,0.0,0,2,1.0,consumer
10,32,Satellite,0,0,0,83632,0.0,0,3,0.0,consumer
11,32,aDSL,0,0,9517,33274,0.0,0,13,9517.0,consumer
12,32,2G,0,0,0,77157,0.0,0,7,0.0,mobile
13,32,3G,0,0,0,79357,0.0,0,6,0.0,mobile
14,32,4G_LTE,0,0,73315,73316,0.0,0,6,223990.0,mobile
15,32,4G_NON_LTE,0,0,59340,59341,0.0,0,2,95983.0,mobile
0,9,Cable,0,0,3341,51936,0.0,0,9,3348.0,business
1,9,Fiber,20995,0,21037,21245,21847.0,0,16,22147.0,business
2,9,Fixed Wireless,0,0,2,5,0.0,0,2,2.0,business
3,9,Other,9,0,122,1229,9.0,0,15,128.0,business
4,9,Satellite,0,0,0,64389,0.0,0,4,0.0,business
5,9,aDSL,0,0,6,53602,0.0,0,13,7.0,business
6,9,Cable,0,0,54754,54755,0.0,0,6,56502.0,consumer
7,9,Fiber,480,0,480,481,481.0,0,2,481.0,consumer
8,9,Other,0,0,0,1,0.0,0,1,0.0,consumer
9,9,Satellite,0,0,0,64389,0.0,0,3,0.0,consumer
10,9,aDSL,0,0,26184,53559,0.0,0,4,26184.0,consumer
11,9,2G,0,0,0,67401,0.0,0,4,0.0,mobile
12,9,3G,0,0,0,67503,0.0,0,4,0.0,mobile
13,9,4G_LTE,0,0,67525,67526,0.0,0,4,256741.0,mobile
14,9,4G_NON_LTE,0,0,66953,66954,0.0,0,2,120978.0,mobile
0,16,Cable,0,0,408,32168,0.0,0,18,408.0,business
1,16,Fiber,3179,0,6325,11812,3250.0,0,36,6514.0,business
2,16,Fixed Wireless,63247,0,67936,89665,63247.0,0,33,68016.0,business
3,16,Other,6,0,355,1817,6.0,0,14,371.0,business
4,16,Satellite,0,0,0,141584,0.0,0,3,0.0,business
5,16,aDSL,0,0,623,56492,0.0,0,28,623.0,business
6,16,Cable,0,0,27928,32431,0.0,0,15,28256.0,consumer
7,16,Fiber,2849,0,9399,9949,2866.0,0,22,9511.0,consumer
8,16,Fixed Wireless,9069,0,61667,95329,9069.0,0,38,62188.0,consumer
9,16,Other,0,0,1,14,0.0,0,3,1.0,consumer
10,16,Satellite,0,0,0,141584,0.0,0,3,0.0,consumer
11,16,aDSL,0,0,11529,57570,0.0,0,22,11591.0,consumer
12,16,2G,0,0,0,127457,0.0,0,13,0.0,mobile
13,16,3G,0,0,0,132478,0.0,0,11,0.0,mobile
14,16,4G_LTE,0,0,125657,125658,0.0,0,8,391783.0,mobile
15,16,4G_NON_LTE,0,0,122784,122785,0.0,0,2,176224.0,mobile
0,8,Cable,4266,0,4844,83749,4266.0,0,19,4844.0,business
1,8,Fiber,12932,0,16589,25797,13485.0,0,56,17696.0,business
2,8,Fixed Wireless,110601,0,122664,149379,145163.0,0,49,178880.0,business
3,8,Other,34,0,912,4889,36.0,0,23,988.0,business
4,8,Satellite,0,0,0,198514,0.0,0,4,0.0,business
5,8,aDSL,4259,0,5200,102529,4259.0,0,38,5212.0,business
6,8,Cable,0,0,80584,82137,0.0,0,15,82262.0,consumer
7,8,Fiber,9516,0,17842,18199,9537.0,0,30,18144.0,consumer
8,8,Fixed Wireless,12687,0,97230,154544,12689.0,0,49,104284.0,consumer
9,8,Other,0,0,2,951,0.0,0,5,2.0,consumer
10,8,Satellite,0,0,0,201062,0.0,0,3,0.0,consumer
11,8,aDSL,0,0,43501,103013,0.0,0,31,43791.0,consumer
12,8,2G,0,0,0,193667,0.0,0,12,0.0,mobile
13,8,3G,0,0,0,194399,0.0,0,9,0.0,mobile
14,8,4G_LTE,0,0,187792,187793,0.0,0,10,642655.0,mobile
15,8,4G_NON_LTE,0,0,181298,181299,0.0,0,3,298287.0,mobile
0,45,Cable,0,0,1866,110101,0.0,0,21,1867.0,business
1,45,Fiber,3448,0,4288,18435,3594.0,0,33,4601.0,business
2,45,Fixed Wireless,0,0,13172,17448,0.0,0,8,13172.0,business
3,45,Other,0,0,425,6105,0.0,0,16,425.0,business
4,45,Satellite,0,0,0,181908,0.0,0,4,0.0,business
5,45,aDSL,0,0,558,50588,0.0,0,32,559.0,business
6,45,Cable,0,0,108843,109820,0.0,0,18,120674.0,consumer
7,45,Fiber,8693,0,17835,18145,8871.0,0,28,18615.0,consumer
8,45,Fixed Wireless,0,0,30,4993,0.0,0,9,30.0,consumer
9,45,Other,0,0,1,3,0.0,0,2,1.0,consumer
10,45,Satellite,0,0,0,181908,0.0,0,3,0.0,consumer
11,45,aDSL,0,0,30075,108900,0.0,0,28,31090.0,consumer
12,45,2G,0,0,0,181089,0.0,0,6,0.0,mobile
13,45,3G,0,0,0,181733,0.0,0,5,0.0,mobile
14,45,4G_LTE,0,0,181471,181472,0.0,0,6,679802.0,mobile
15,45,4G_NON_LTE,0,0,180136,180137,0.0,0,3,288190.0,mobile
0,25,Cable,0,0,1237,109860,0.0,0,10,1239.0,business
1,25,Fiber,18553,0,18793,51150,19142.0,0,23,19688.0,business
2,25,Fixed Wireless,6385,0,7329,7391,6535.0,0,14,7603.0,business
3,25,Other,77,0,374,3780,81.0,0,21,428.0,business
4,25,Satellite,0,0,0,145915,0.0,0,4,0.0,business
5,25,aDSL,1,0,186,80726,1.0,0,19,186.0,business
6,25,Cable,0,0,106246,106246,0.0,0,6,117227.0,consumer
7,25,Fiber,39111,0,39352,39353,39111.0,0,5,39503.0,consumer
8,25,Fixed Wireless,42,0,6925,7359,42.0,0,11,6927.0,consumer
9,25,Other,12,0,14,16,12.0,0,3,14.0,consumer
10,25,Satellite,0,0,0,145915,0.0,0,3,0.0,consumer
11,25,aDSL,0,0,183,80606,0.0,0,9,183.0,consumer
12,25,2G,0,0,0,156559,0.0,0,4,0.0,mobile
13,25,3G,0,0,0,157172,0.0,0,4,0.0,mobile
14,25,4G_LTE,0,0,157369,157370,0.0,0,4,607867.0,mobile
15,25,4G_NON_LTE,0,0,155149,155150,0.0,0,2,289179.0,mobile
0,38,Cable,0,0,10493,13898,0.0,0,7,10493.0,business
1,38,Fiber,7500,0,16648,83846,7501.0,0,34,16655.0,business
2,38,Fixed Wireless,0,0,2829,36279,0.0,0,16,2829.0,business
3,38,Other,834,0,879,1098,834.0,0,8,880.0,business
4,38,Satellite,0,0,0,129059,0.0,0,3,0.0,business
5,38,aDSL,0,0,5796,33055,0.0,0,26,5798.0,business
6,38,Cable,0,0,13562,13897,0.0,0,6,14149.0,consumer
7,38,Fiber,46422,0,83348,83836,46857.0,0,29,84462.0,consumer
8,38,Fixed Wireless,0,0,149,38498,0.0,0,18,149.0,consumer
9,38,Other,834,0,861,888,834.0,0,2,861.0,consumer
10,38,Satellite,0,0,0,129059,0.0,0,3,0.0,consumer
11,38,aDSL,0,0,11116,33081,0.0,0,21,11252.0,consumer
12,38,2G,0,0,0,129339,0.0,0,8,0.0,mobile
13,38,3G,0,0,0,133508,0.0,0,8,0.0,mobile
14,38,4G_LTE,0,0,129865,129866,0.0,0,7,302998.0,mobile
15,38,4G_NON_LTE,0,0,131005,131006,0.0,0,1,131006.0,mobile
0,53,Cable,0,0,50,102835,0.0,0,26,50.0,business
1,53,Fiber,2886,0,17011,44834,3085.0,0,49,17522.0,business
2,53,Fixed Wireless,162630,0,162765,165457,168932.0,0,43,197025.0,business
3,53,Other,723,0,1990,5353,728.0,0,27,2122.0,business
4,53,Satellite,0,0,0,192401,0.0,0,4,0.0,business
5,53,aDSL,1,0,9877,125850,1.0,0,32,9888.0,business
6,53,Cable,0,0,97532,99904,0.0,0,22,105635.0,consumer
7,53,Fiber,16332,0,42117,42192,16335.0,0,29,46525.0,consumer
8,53,Fixed Wireless,0,0,40391,152035,0.0,0,44,46343.0,consumer
9,53,Other,974,0,1069,1077,974.0,0,8,1073.0,consumer
10,53,Satellite,0,0,0,195574,0.0,0,3,0.0,consumer
11,53,aDSL,0,0,49929,126322,0.0,0,25,58566.0,consumer
12,53,2G,0,0,0,186267,0.0,0,6,0.0,mobile
13,53,3G,0,0,0,187453,0.0,0,6,0.0,mobile
14,53,4G_LTE,0,0,183969,183970,0.0,0,6,670255.0,mobile
15,53,4G_NON_LTE,0,0,180385,180386,0.0,0,2,304297.0,mobile
0,41,Cable,3988,0,4118,75683,3988.0,0,16,4118.0,business
1,41,Fiber,6660,0,9231,32310,6871.0,0,59,9746.0,business
2,41,Fixed Wireless,24017,0,43644,86897,24034.0,0,40,44065.0,business
3,41,Other,65,0,518,4891,66.0,0,26,538.0,business
4,41,Satellite,0,0,0,196250,0.0,0,4,0.0,business
5,41,aDSL,0,0,2052,82749,0.0,0,47,2052.0,business
6,41,Cable,0,0,74261,76004,0.0,0,14,75102.0,consumer
7,41,Fiber,14267,0,24506,25067,14272.0,0,38,24659.0,consumer
8,41,Fixed Wireless,242,0,24969,61678,242.0,0,40,25248.0,consumer
9,41,Other,22,0,1785,2012,22.0,0,8,1786.0,consumer
10,41,Satellite,0,0,0,196621,0.0,0,3,0.0,consumer
11,41,aDSL,0,0,24960,83000,0.0,0,39,36807.0,consumer
12,41,2G,0,0,0,171553,0.0,0,8,0.0,mobile
13,41,3G,0,0,0,175087,0.0,0,8,0.0,mobile
14,41,4G_LTE,0,0,167347,167348,0.0,0,5,579708.0,mobile
15,41,4G_NON_LTE,0,0,151122,151123,0.0,0,2,228984.0,mobile
0,56,Cable,0,0,2,21993,0.0,0,6,2.0,business
1,56,Fiber,259,0,516,4056,264.0,0,21,530.0,business
2,56,Fixed Wireless,7548,0,18094,38381,7555.0,0,25,20694.0,business
3,56,Other,0,0,26,129,0.0,0,10,27.0,business
4,56,Satellite,0,0,0,84067,0.0,0,4,0.0,business
5,56,aDSL,0,0,1555,28752,0.0,0,21,1555.0,business
6,56,Cable,0,0,21191,22108,0.0,0,5,21191.0,consumer
7,56,Fiber,1396,0,1639,3731,1416.0,0,13,1659.0,consumer
8,56,Fixed Wireless,1933,0,7446,38635,1933.0,0,28,7496.0,consumer
9,56,Other,0,0,5,11,0.0,0,3,5.0,consumer
10,56,Satellite,0,0,0,86204,0.0,0,3,0.0,consumer
11,56,aDSL,20,0,4552,28741,24.0,0,20,4655.0,consumer
12,56,2G,0,0,0,78633,0.0,0,11,0.0,mobile
13,56,3G,0,0,0,81201,0.0,0,10,0.0,mobile
14,56,4G_LTE,0,0,75799,75800,0.0,0,8,153803.0,mobile
15,56,4G_NON_LTE,0,0,55830,55831,0.0,0,2,59951.0,mobile
0,55,Cable,0,0,677,132726,0.0,0,20,677.0,business
1,55,Fiber,7806,0,17897,32615,9409.0,0,71,20094.0,business
2,55,Fixed Wireless,20063,0,20450,98603,20904.0,0,37,21294.0,business
3,55,Other,4780,0,8639,9587,4782.0,0,19,9442.0,business
4,55,Satellite,0,0,0,253096,0.0,0,4,0.0,business
5,55,aDSL,0,0,27246,113056,0.0,0,62,27479.0,business
6,55,Cable,0,0,128060,133119,0.0,0,18,128404.0,consumer
7,55,Fiber,11106,0,18048,21697,11116.0,0,51,18210.0,consumer
8,55,Fixed Wireless,173,0,7705,152946,173.0,0,42,7721.0,consumer
9,55,Other,0,0,0,1,0.0,0,1,1.0,consumer
10,55,Satellite,0,0,0,253096,0.0,0,3,0.0,consumer
11,55,aDSL,0,0,38541,152649,0.0,0,54,39233.0,consumer
12,55,2G,0,0,0,249330,0.0,0,6,0.0,mobile
13,55,3G,0,0,0,251933,0.0,0,6,0.0,mobile
14,55,4G_LTE,0,0,245763,245764,0.0,0,7,911660.0,mobile
15,55,4G_NON_LTE,0,0,231328,231329,0.0,0,3,303286.0,mobile
0,20,Cable,585,0,18276,48409,585.0,0,29,18485.0,business
1,20,Fiber,30775,0,37544,59562,33349.0,0,76,41178.0,business
2,20,Fixed Wireless,11589,0,28452,184548,11668.0,0,41,28531.0,business
3,20,Other,585,0,728,1153,585.0,0,14,800.0,business
4,20,Satellite,0,0,0,235043,0.0,0,4,0.0,business
5,20,aDSL,0,0,2248,50992,0.0,0,36,2738.0,business
6,20,Cable,0,0,57062,66714,0.0,0,27,57852.0,consumer
7,20,Fiber,32825,0,53023,57059,34436.0,0,61,56720.0,consumer
8,20,Fixed Wireless,1176,0,52492,193888,1176.0,0,49,56109.0,consumer
9,20,Other,0,0,0,7,0.0,0,3,0.0,consumer
10,20,Satellite,0,0,0,238600,0.0,0,3,0.0,consumer
11,20,aDSL,0,0,20071,106826,0.0,0,34,20563.0,consumer
12,20,2G,0,0,0,238482,0.0,0,8,0.0,mobile
13,20,3G,0,0,0,238587,0.0,0,9,0.0,mobile
14,20,4G_LTE,0,0,238159,238160,0.0,0,11,924399.0,mobile
15,20,4G_NON_LTE,0,0,237348,237349,0.0,0,3,337077.0,mobile
0,1,Cable,0,0,2615,126757,0.0,0,23,2695.0,business
1,1,Fiber,6820,0,8829,52034,6956.0,0,42,9078.0,business
2,1,Fixed Wireless,0,0,1925,42193,0.0,0,19,1925.0,business
3,1,Other,16,0,1865,31148,16.0,0,26,1873.0,business
4,1,Satellite,0,0,0,252266,0.0,0,4,0.0,business
5,1,aDSL,0,0,930,43774,0.0,0,34,931.0,business
6,1,Cable,0,0,121283,125807,0.0,0,18,132622.0,consumer
7,1,Fiber,9576,0,23020,51517,9588.0,0,27,23585.0,consumer
8,1,Fixed Wireless,11,0,9975,43539,11.0,0,21,9977.0,consumer
9,1,Other,0,0,0,28095,0.0,0,4,0.0,consumer
10,1,Satellite,0,0,0,252266,0.0,0,3,0.0,consumer
11,1,aDSL,0,0,28842,125534,0.0,0,28,28905.0,consumer
12,1,2G,0,0,0,250103,0.0,0,7,0.0,mobile
13,1,3G,0,0,0,251926,0.0,0,6,0.0,mobile
14,1,4G_LTE,0,0,249486,249487,0.0,0,5,856388.0,mobile
15,1,4G_NON_LTE,0,0,250288,250289,0.0,0,2,377418.0,mobile
0,23,Cable,0,0,857,39177,0.0,0,10,859.0,business
1,23,Fiber,2429,0,3035,3804,2541.0,0,23,3242.0,business
2,23,Fixed Wireless,0,0,10,838,0.0,0,6,10.0,business
3,23,Other,3,0,20,319,3.0,0,10,20.0,business
4,23,Satellite,0,0,0,68594,0.0,0,4,0.0,business
5,23,aDSL,0,0,2176,31434,0.0,0,27,2187.0,business
6,23,Cable,0,0,38669,39104,0.0,0,6,38795.0,consumer
7,23,Fiber,327,0,3279,3346,327.0,0,15,3308.0,consumer
8,23,Fixed Wireless,0,0,259,9732,0.0,0,10,259.0,consumer
9,23,Other,0,0,1,15,0.0,0,2,1.0,consumer
10,23,Satellite,0,0,0,69153,0.0,0,3,0.0,consumer
11,23,aDSL,0,0,2763,32760,0.0,0,25,2885.0,consumer
12,23,2G,0,0,0,62579,0.0,0,5,0.0,mobile
13,23,3G,0,0,0,62700,0.0,0,5,0.0,mobile
14,23,4G_LTE,0,0,61298,61299,0.0,0,5,187026.0,mobile
15,23,4G_NON_LTE,0,0,44798,44799,0.0,0,2,49668.0,mobile
0,49,Cable,12,0,4044,37864,12.0,0,13,4044.0,business
1,49,Fiber,8912,0,10154,15382,12146.0,0,29,13608.0,business
2,49,Fixed Wireless,50640,0,60519,68761,58241.0,0,20,73984.0,business
3,49,Other,23,0,226,12319,23.0,0,17,241.0,business
4,49,Satellite,0,0,0,114112,0.0,0,3,0.0,business
5,49,aDSL,2,0,1171,54944,2.0,0,24,2186.0,business
6,49,Cable,0,0,36762,38471,0.0,0,12,37334.0,consumer
7,49,Fiber,10422,0,12509,13194,13804.0,0,17,16011.0,consumer
8,49,Fixed Wireless,12376,0,59848,70312,12411.0,0,25,76506.0,consumer
9,49,Other,0,0,21,4234,0.0,0,4,21.0,consumer
10,49,Satellite,0,0,0,114112,0.0,0,3,0.0,consumer
11,49,aDSL,0,0,18890,55234,0.0,0,15,20309.0,consumer
12,49,2G,0,0,0,107816,0.0,0,12,0.0,mobile
13,49,3G,0,0,0,112268,0.0,0,9,0.0,mobile
14,49,4G_LTE,0,0,102472,102473,0.0,0,7,326124.0,mobile
15,49,4G_NON_LTE,0,0,108642,108643,0.0,0,3,170420.0,mobile
0,72,Cable,0,0,0,51664,0.0,0,2,0.0,business
1,72,Fiber,60946,0,61219,61254,62397.0,0,5,64556.0,business
2,72,Fixed Wireless,60912,0,60912,76404,60912.0,0,6,60912.0,business
3,72,Other,0,0,0,43922,0.0,0,3,0.0,business
4,72,Satellite,0,0,0,74104,0.0,0,1,0.0,business
5,72,aDSL,0,0,11430,44374,0.0,0,3,11430.0,business
6,72,Cable,0,0,51663,51664,0.0,0,1,51664.0,consumer
7,72,Fiber,1482,0,1562,1563,1482.0,0,2,1578.0,consumer
8,72,Fixed Wireless,0,0,0,20431,0.0,0,3,0.0,consumer
9,72,Satellite,0,0,0,74104,0.0,0,1,0.0,consumer
10,72,aDSL,0,0,11430,44374,0.0,0,2,11430.0,consumer
11,72,2G,0,0,0,75333,0.0,0,5,0.0,mobile
12,72,3G,0,0,0,76523,0.0,0,4,0.0,mobile
13,72,4G_LTE,0,0,76368,76369,0.0,0,5,338638.0,mobile
14,72,4G_NON_LTE,0,0,75563,75564,0.0,0,3,213325.0,mobile
0,54,Cable,0,0,2717,50483,0.0,0,15,2718.0,business
1,54,Fiber,6335,0,7701,9435,6348.0,0,18,8848.0,business
2,54,Fixed Wireless,1,0,11097,36196,2.0,0,13,11146.0,business
3,54,Other,0,0,29,447,0.0,0,10,30.0,business
4,54,Satellite,0,0,0,135218,0.0,0,4,0.0,business
5,54,aDSL,0,0,1,75726,0.0,0,12,2.0,business
6,54,Cable,0,0,47587,48950,0.0,0,13,49727.0,consumer
7,54,Fiber,155,0,2961,4484,161.0,0,7,4095.0,consumer
8,54,Fixed Wireless,1,0,530,60690,2.0,0,15,542.0,consumer
9,54,Satellite,0,0,0,135218,0.0,0,3,0.0,consumer
10,54,aDSL,0,0,1,75712,0.0,0,9,2.0,consumer
11,54,2G,0,0,0,115512,0.0,0,6,0.0,mobile
12,54,3G,0,0,0,125718,0.0,0,6,0.0,mobile
13,54,4G_LTE,0,0,111537,111538,0.0,0,6,320534.0,mobile
14,54,4G_NON_LTE,0,0,122296,122297,0.0,0,2,135445.0,mobile
0,33,Cable,0,0,3927,29914,0.0,0,6,3927.0,business
1,33,Fiber,4750,0,5329,7315,5186.0,0,18,5855.0,business
2,33,Fixed Wireless,0,0,3,1177,0.0,0,3,3.0,business
3,33,Other,4,0,53,751,4.0,0,13,53.0,business
4,33,Satellite,0,0,0,48695,0.0,0,4,0.0,business
5,33,aDSL,5,0,93,26311,5.0,0,15,99.0,business
6,33,Cable,0,0,29239,29240,0.0,0,3,29356.0,consumer
7,33,Fiber,4470,0,6561,6714,4471.0,0,9,6573.0,consumer
8,33,Fixed Wireless,0,0,5,2124,0.0,0,4,5.0,consumer
9,33,Other,0,0,0,3,0.0,0,3,0.0,consumer
10,33,Satellite,0,0,0,48837,0.0,0,3,0.0,consumer
11,33,aDSL,0,0,228,26805,0.0,0,10,259.0,consumer
12,33,2G,0,0,0,45550,0.0,0,5,0.0,mobile
13,33,3G,0,0,0,46187,0.0,0,5,0.0,mobile
14,33,4G_LTE,0,0,46618,46619,0.0,0,6,176278.0,mobile
15,33,4G_NON_LTE,0,0,43779,43780,0.0,0,2,60012.0,mobile
0,51,Cable,0,0,14053,94957,0.0,0,15,14066.0,business
1,51,Fiber,30714,0,31870,66482,32508.0,0,59,34408.0,business
2,51,Fixed Wireless,30,0,33224,86061,30.0,0,25,34314.0,business
3,51,Other,57,0,634,5574,65.0,0,26,771.0,business
4,51,Satellite,0,0,0,285759,0.0,0,4,0.0,business
5,51,aDSL,0,0,227,106699,0.0,0,34,227.0,business
6,51,Cable,0,0,110152,110361,0.0,0,14,110768.0,consumer
7,51,Fiber,39665,0,48248,49169,39813.0,0,26,48645.0,consumer
8,51,Fixed Wireless,0,0,1771,103518,0.0,0,28,1771.0,consumer
9,51,Other,0,0,25,35,0.0,0,4,25.0,consumer
10,51,Satellite,0,0,0,285762,0.0,0,3,0.0,consumer
11,51,aDSL,0,0,4905,108852,0.0,0,22,4939.0,consumer
12,51,2G,0,0,0,277203,0.0,0,7,0.0,mobile
13,51,3G,0,0,0,279524,0.0,0,7,0.0,mobile
14,51,4G_LTE,0,0,277071,277072,0.0,0,7,1002650.0,mobile
15,51,4G_NON_LTE,0,0,263624,263625,0.0,0,2,385445.0,mobile
0,47,Cable,12,0,264,132128,12.0,0,21,264.0,business
1,47,Fiber,19591,0,20855,29729,20081.0,0,48,22231.0,business
2,47,Fixed Wireless,0,0,3592,39173,0.0,0,23,3592.0,business
3,47,Other,61,0,5638,15539,62.0,0,23,5683.0,business
4,47,Satellite,0,0,0,240116,0.0,0,4,0.0,business
5,47,aDSL,0,0,1430,75945,0.0,0,30,1594.0,business
6,47,Cable,0,0,127996,128374,0.0,0,19,130919.0,consumer
7,47,Fiber,27041,0,31106,33986,27433.0,0,30,32394.0,consumer
8,47,Fixed Wireless,0,0,12738,42875,0.0,0,25,12738.0,consumer
9,47,Other,0,0,4,7409,0.0,0,5,4.0,consumer
10,47,Satellite,0,0,0,240116,0.0,0,3,0.0,consumer
11,47,aDSL,4,0,31878,147043,4.0,0,26,32429.0,consumer
12,47,2G,0,0,0,234513,0.0,0,9,0.0,mobile
13,47,3G,0,0,0,236625,0.0,0,9,0.0,mobile
14,47,4G_LTE,0,0,233878,233879,0.0,0,10,877163.0,mobile
15,47,4G_NON_LTE,0,0,230430,230431,0.0,0,2,336951.0,mobile
0,24,Cable,0,0,5859,80420,0.0,0,15,5859.0,business
1,24,Fiber,5920,0,6648,41345,6656.0,0,34,7583.0,business
2,24,Fixed Wireless,2,0,34287,55957,2.0,0,14,39074.0,business
3,24,Other,35,0,527,3212,37.0,0,19,581.0,business
4,24,Satellite,0,0,0,145244,0.0,0,4,0.0,business
5,24,aDSL,0,0,9,56648,0.0,0,25,9.0,business
6,24,Cable,0,0,76253,76253,0.0,0,11,78578.0,consumer
7,24,Fiber,36895,0,37012,37015,36896.0,0,11,37047.0,consumer
8,24,Fixed Wireless,0,0,21228,44005,0.0,0,14,21229.0,consumer
9,24,Other,0,0,0,9,0.0,0,2,0.0,consumer
10,24,Satellite,0,0,0,145247,0.0,0,3,0.0,consumer
11,24,aDSL,0,0,0,56380,0.0,0,8,0.0,consumer
12,24,2G,0,0,0,144731,0.0,0,5,0.0,mobile
13,24,3G,0,0,0,144762,0.0,0,5,0.0,mobile
14,24,4G_LTE,0,0,144576,144577,0.0,0,5,562616.0,mobile
15,24,4G_NON_LTE,0,0,141256,141257,0.0,0,2,239676.0,mobile
0,12,Cable,0,0,6311,305445,0.0,0,21,6335.0,business
1,12,Fiber,8742,0,11700,61770,10125.0,0,58,13901.0,business
2,12,Fixed Wireless,116617,0,117477,126098,116622.0,0,25,117528.0,business
3,12,Other,169,0,2621,8183,174.0,0,38,2712.0,business
4,12,Satellite,0,0,0,483744,0.0,0,4,0.0,business
5,12,aDSL,0,0,3100,99514,0.0,0,28,3100.0,business
6,12,Cable,43,0,306801,307253,43.0,0,16,329550.0,consumer
7,12,Fiber,10119,0,64184,66806,10170.0,0,22,69444.0,consumer
8,12,Fixed Wireless,4,0,116611,124690,4.0,0,15,116620.0,consumer
9,12,Other,76,0,112,245,76.0,0,10,112.0,consumer
10,12,Satellite,0,0,0,484481,0.0,0,3,0.0,consumer
11,12,aDSL,0,0,100450,243561,0.0,0,15,100525.0,consumer
12,12,2G,0,0,0,482827,0.0,0,6,0.0,mobile
13,12,3G,0,0,0,482985,0.0,0,5,0.0,mobile
14,12,4G_LTE,0,0,481856,481857,0.0,0,4,1854077.0,mobile
15,12,4G_NON_LTE,0,0,477421,477422,0.0,0,2,919507.0,mobile
0,46,Cable,0,0,10840,17428,0.0,0,8,10858.0,business
1,46,Fiber,550,0,3041,35443,554.0,0,32,3057.0,business
2,46,Fixed Wireless,9800,0,10333,35759,9800.0,0,23,10333.0,business
3,46,Other,1,0,23,96,1.0,0,8,23.0,business
4,46,Satellite,0,0,0,85163,0.0,0,4,0.0,business
5,46,aDSL,0,0,0,42826,0.0,0,31,0.0,business
6,46,Cable,0,0,17416,17428,0.0,0,8,21818.0,consumer
7,46,Fiber,12517,0,34239,35448,12575.0,0,27,34692.0,consumer
8,46,Fixed Wireless,3180,0,18046,36379,3180.0,0,27,18046.0,consumer
9,46,Satellite,0,0,0,88360,0.0,0,3,0.0,consumer
10,46,aDSL,0,0,4987,43036,0.0,0,28,4987.0,consumer
11,46,2G,0,0,0,85775,0.0,0,9,0.0,mobile
12,46,3G,0,0,0,88263,0.0,0,10,0.0,mobile
13,46,4G_LTE,0,0,87095,87096,0.0,0,9,224563.0,mobile
14,46,4G_NON_LTE,0,0,87894,87895,0.0,0,2,87914.0,mobile
0,28,Cable,0,0,7254,48762,0.0,0,17,12058.0,business
1,28,Fiber,1320,0,1373,44876,1345.0,0,28,1414.0,business
2,28,Fixed Wireless,0,0,10680,12486,0.0,0,12,10680.0,business
3,28,Other,5,0,2917,6247,5.0,0,21,2919.0,business
4,28,Satellite,0,0,0,171778,0.0,0,4,0.0,business
5,28,aDSL,0,0,1672,18756,0.0,0,25,1672.0,business
6,28,Cable,0,0,46962,47517,0.0,0,10,51847.0,consumer
7,28,Fiber,1826,0,2628,4170,1832.0,0,12,2642.0,consumer
8,28,Fixed Wireless,0,0,12062,12853,0.0,0,13,12062.0,consumer
9,28,Other,0,0,2,2830,0.0,0,3,2.0,consumer
10,28,Satellite,0,0,0,171778,0.0,0,3,0.0,consumer
11,28,aDSL,0,0,12291,74758,0.0,0,19,12323.0,consumer
12,28,2G,0,0,0,171595,0.0,0,6,0.0,mobile
13,28,3G,0,0,0,171768,0.0,0,5,0.0,mobile
14,28,4G_LTE,0,0,170912,170913,0.0,0,5,693613.0,mobile
15,28,4G_NON_LTE,0,0,169708,169709,0.0,0,2,229452.0,mobile
0,2,Cable,0,0,8,9359,0.0,0,6,10.0,business
1,2,Fiber,863,0,1106,3634,868.0,0,11,1122.0,business
2,2,Fixed Wireless,117,0,1838,5747,117.0,0,13,1838.0,business
3,2,Other,1,0,23,1479,1.0,0,6,23.0,business
4,2,Satellite,0,0,0,38552,0.0,0,4,0.0,business
5,2,aDSL,0,0,1712,10620,0.0,0,15,1712.0,business
6,2,Cable,0,0,8632,9349,0.0,0,4,8634.0,consumer
7,2,Fiber,110,0,422,472,110.0,0,5,422.0,consumer
8,2,Fixed Wireless,2,0,490,8744,2.0,0,14,490.0,consumer
9,2,Other,1,0,1,37,1.0,0,1,1.0,consumer
10,2,Satellite,0,0,0,38552,0.0,0,3,0.0,consumer
11,2,aDSL,0,0,1685,10494,0.0,0,14,1685.0,consumer
12,2,2G,0,0,0,29420,0.0,0,11,0.0,mobile
13,2,3G,0,0,0,25175,0.0,0,6,0.0,mobile
14,2,4G_LTE,0,0,17018,17019,0.0,0,4,39946.0,mobile
15,2,4G_NON_LTE,0,0,20481,20482,0.0,0,2,35357.0,mobile
16,2,Undefined,0,0,0,1367,0.0,0,1,0.0,mobile
0,10,Cable,0,0,2,16390,0.0,0,6,2.0,business
1,10,Fiber,3540,0,3555,3558,3762.0,0,13,3826.0,business
2,10,Fixed Wireless,0,0,0,2644,0.0,0,2,0.0,business
3,10,Other,3,0,40,418,3.0,0,12,43.0,business
4,10,Satellite,0,0,0,24115,0.0,0,4,0.0,business
5,10,aDSL,0,0,2,499,0.0,0,10,2.0,business
6,10,Cable,0,0,15788,15790,0.0,0,3,15918.0,consumer
7,10,Fiber,7121,0,7149,7150,7121.0,0,1,7150.0,consumer
8,10,Fixed Wireless,0,0,0,2645,0.0,0,3,0.0,consumer
9,10,Other,0,0,0,1,0.0,0,1,1.0,consumer
10,10,Satellite,0,0,0,24115,0.0,0,3,0.0,consumer
11,10,aDSL,0,0,0,10604,0.0,0,4,0.0,consumer
12,10,2G,0,0,0,24094,0.0,0,4,0.0,mobile
13,10,3G,0,0,0,24089,0.0,0,4,0.0,mobile
14,10,4G_LTE,0,0,24015,24016,0.0,0,4,92404.0,mobile
15,10,4G_NON_LTE,0,0,23813,23814,0.0,0,2,39803.0,mobile
0,50,Cable,0,0,0,13010,0.0,0,4,0.0,business
1,50,Fiber,3740,0,3746,4032,4012.0,0,17,4028.0,business
2,50,Fixed Wireless,0,0,1,3860,0.0,0,6,1.0,business
3,50,Other,1,0,192,346,1.0,0,5,205.0,business
4,50,Satellite,0,0,0,32580,0.0,0,4,0.0,business
5,50,aDSL,44,0,237,17767,44.0,0,13,250.0,business
6,50,Cable,0,0,12765,12766,0.0,0,4,12909.0,consumer
7,50,Fiber,3204,0,3212,3284,3204.0,0,12,3212.0,consumer
8,50,Fixed Wireless,0,0,232,16322,0.0,0,7,232.0,consumer
9,50,Satellite,0,0,0,32580,0.0,0,3,0.0,consumer
10,50,aDSL,1,0,829,17991,1.0,0,10,844.0,consumer
11,50,2G,0,0,0,28605,0.0,0,5,0.0,mobile
12,50,3G,0,0,0,30729,0.0,0,4,0.0,mobile
13,50,4G_LTE,0,0,31981,31982,0.0,0,6,114960.0,mobile
14,50,4G_NON_LTE,0,0,29798,29799,0.0,0,2,30977.0,mobile
0,78,Cable,0,0,4155,4185,0.0,0,1,4155.0,business
1,78,Fiber,4428,0,4428,4429,4429.0,0,1,4429.0,business
2,78,Fixed Wireless,2,0,13,4682,2.0,0,3,13.0,business
3,78,Other,0,0,0,4422,0.0,0,1,0.0,business
4,78,aDSL,0,0,0,4422,0.0,0,1,0.0,business
5,78,Cable,0,0,4155,4185,0.0,0,1,4155.0,consumer
6,78,Fiber,0,0,4428,4429,0.0,0,1,4429.0,consumer
7,78,Fixed Wireless,2,0,13,4682,2.0,0,3,13.0,consumer
8,78,Other,0,0,0,5,0.0,0,1,0.0,consumer
9,78,aDSL,0,0,0,4422,0.0,0,1,0.0,consumer
10,78,2G,0,0,0,4802,0.0,0,5,0.0,mobile
11,78,3G,0,0,0,4777,0.0,0,4,0.0,mobile
12,78,4G_LTE,0,0,4588,4589,0.0,0,3,8229.0,mobile
13,78,4G_NON_LTE,0,0,4370,4371,0.0,0,2,6417.0,mobile
0,15,Cable,0,0,1,14562,0.0,0,4,1.0,business
1,15,Fiber,275,0,370,3463,277.0,0,7,399.0,business
2,15,Fixed Wireless,2,0,4941,5437,2.0,0,5,4947.0,business
3,15,Other,2,0,414,511,2.0,0,4,424.0,business
4,15,Satellite,0,0,0,24953,0.0,0,4,0.0,business
5,15,aDSL,0,0,24,9231,0.0,0,6,25.0,business
6,15,Cable,0,0,14561,14562,0.0,0,1,14562.0,consumer
7,15,Fiber,3008,0,3031,3072,3008.0,0,4,3039.0,consumer
8,15,Fixed Wireless,2,0,9,442,2.0,0,2,9.0,consumer
9,15,Satellite,0,0,0,24953,0.0,0,3,0.0,consumer
10,15,aDSL,0,0,10,9274,0.0,0,4,10.0,consumer
11,15,2G,0,0,0,24400,0.0,0,5,0.0,mobile
12,15,3G,0,0,0,24604,0.0,0,5,0.0,mobile
13,15,4G_LTE,0,0,24203,24204,0.0,0,4,84885.0,mobile
14,15,4G_NON_LTE,0,0,23523,23524,0.0,0,2,39953.0,mobile
0,66,Cable,0,0,0,37,0.0,0,1,0.0,business
1,66,Fiber,0,0,0,475,0.0,0,1,0.0,business
2,66,Other,0,0,0,4,0.0,0,1,0.0,business
3,66,aDSL,0,0,0,3738,0.0,0,1,0.0,business
4,66,Cable,0,0,0,37,0.0,0,1,0.0,consumer
5,66,Fiber,0,0,0,475,0.0,0,1,0.0,consumer
6,66,Other,0,0,0,4,0.0,0,1,0.0,consumer
7,66,aDSL,0,0,0,3738,0.0,0,1,0.0,consumer
8,66,2G,0,0,0,3584,0.0,0,2,0.0,mobile
9,66,3G,0,0,0,3477,0.0,0,2,0.0,mobile
10,66,4G_LTE,0,0,3620,3621,0.0,0,4,11900.0,mobile
11,66,4G_NON_LTE,0,0,3584,3585,0.0,0,3,9297.0,mobile
0,44,Cable,0,0,7127,7135,0.0,0,5,7367.0,business
1,44,Fiber,4438,0,4449,16840,5009.0,0,10,5047.0,business
2,44,Fixed Wireless,24,0,24,25,24.0,0,2,24.0,business
3,44,Other,2,0,22,437,2.0,0,5,23.0,business
4,44,Satellite,0,0,0,23489,0.0,0,4,0.0,business
5,44,aDSL,0,0,0,11507,0.0,0,10,0.0,business
6,44,Cable,0,0,17387,17388,0.0,0,3,18275.0,consumer
7,44,Fiber,15928,0,15980,15981,15932.0,0,2,15985.0,consumer
8,44,Fixed Wireless,0,0,0,1,0.0,0,1,0.0,consumer
9,44,Satellite,0,0,0,23489,0.0,0,3,0.0,consumer
10,44,aDSL,0,0,0,11473,0.0,0,3,0.0,consumer
11,44,2G,0,0,0,25176,0.0,0,4,0.0,mobile
12,44,3G,0,0,0,25172,0.0,0,4,0.0,mobile
13,44,4G_LTE,0,0,25171,25172,0.0,0,4,96900.0,mobile
14,44,4G_NON_LTE,0,0,24685,24686,0.0,0,2,48586.0,mobile
0,60,Cable,0,0,0,9,0.0,0,1,0.0,business
1,60,Fiber,0,0,0,6,0.0,0,1,0.0,business
2,60,Fixed Wireless,0,0,0,6,0.0,0,1,0.0,business
3,60,aDSL,0,0,0,823,0.0,0,1,0.0,business
4,60,Cable,0,0,0,10,0.0,0,1,0.0,consumer
5,60,Fixed Wireless,0,0,0,14,0.0,0,1,0.0,consumer
6,60,aDSL,0,0,0,823,0.0,0,1,0.0,consumer
7,60,2G,0,0,0,456,0.0,0,1,0.0,mobile
8,60,3G,0,0,0,544,0.0,0,2,0.0,mobile
0,69,Fiber,0,0,0,671,0.0,0,1,0.0,business
1,69,Other,0,0,0,1143,0.0,0,1,0.0,business
2,69,aDSL,0,0,0,1128,0.0,0,1,0.0,business
3,69,Cable,0,0,0,7,0.0,0,1,0.0,consumer
4,69,Fiber,0,0,0,671,0.0,0,1,0.0,consumer
5,69,aDSL,0,0,0,1143,0.0,0,1,0.0,consumer
6,69,2G,0,0,0,1218,0.0,0,1,0.0,mobile
7,69,4G_LTE,0,0,288,289,0.0,0,1,289.0,mobile
8,69,4G_NON_LTE,0,0,1221,1222,0.0,0,1,1222.0,mobile
